ma_sv,nganh,gioi_tinh,nhom_tuoi,vua_lam_vua_hoc,hinh_thuc_hoc,tinh_thanh,thiet_bi_chinh,ngay_dang_ky,so_lan_dang_nhap,tong_thoi_luong_phut,ty_le_hoan_thanh_video,so_bai_tap_nop,diem_tb_bai_tap,so_lan_dien_dan,nop_tre_tb_gio,diem_giua_ky,diem_cuoi_ky,ket_qua
SV2600165,Du lịch,Nam,31-40,Không,Trực tuyến,Hải Phòng,Điện thoại,2026-01-25,54,1210,,10,8.5,7,5.2,9.9,10.0,Đạt
SV2600165,Du lịch,Nam,31-40,Không,Trực tuyến,Hải Phòng,Điện thoại,2026-01-25,54,1210,,10,8.5,6,5.2,9.9,10.0,Đạt
SV2600201,Công nghệ thông tin,Nữ,18-22,Không,Kết hợp,Bình Dương,Máy tính,30/01/2026,35,1624,0.699,8,9.2,5,1.3,5.9,5.4,Đạt
SV2600201,Công nghệ thông tin,Nữ,18-22,Không,Kết hợp,Bình Dương,Máy tính,30/01/2026,35,1624,0.699,8,9.2,6,1.3,5.9,5.4,Đạt
SV2600490,Du lịch,Nữ,31-40,Có,Kết hợp,Bắc Ninh,Máy tính,2026-01-20,40,739,0.611,8,7.4,5,12.5,,6.4,Đạt
SV2600490,Du lịch,Nữ,31-40,Có,Kết hợp,Bắc Ninh,Máy tính,2026-01-20,40,739,0.611,8,7.4,4,12.5,,6.4,Đạt
SV2600602,Công nghệ thông tin,Nữ,23-30,Có,Kết hợp,Thanh Hóa,Điện thoại,2026-02-16,41,1113,0.739,4,5.7,4,5.5,7.8,6.6,Đạt
SV2600602,Công nghệ thông tin,Nữ,23-30,Có,Kết hợp,Thanh Hóa,Điện thoại,2026-02-16,41,1113,0.739,4,5.7,3,5.5,7.8,6.6,Đạt
SV2600904,Ngôn ngữ Anh,Nữ,31-40,Có,Trực tuyến,Hà Nội,Điện thoại,2026-02-03,18,736,0.453,6,6.7,4,26.5,6.9,6.4,Đạt
SV2600904,Ngôn ngữ Anh,Nữ,31-40,Có,Trực tuyến,Hà Nội,Điện thoại,2026-02-03,18,736,0.453,6,6.7,3,26.5,6.9,6.4,Đạt
SV2600921,Kế toán,Nữ,23-30,Có,Trực tuyến,Bình Dương,Máy tính bảng,2026-02-13,45,847,0.533,8,6.7,2,28.3,7.1,9.7,Đạt
SV2600921,Kế toán,Nữ,23-30,Có,Trực tuyến,Bình Dương,Máy tính bảng,2026-02-13,45,847,0.533,8,6.7,3,28.3,7.1,9.7,Đạt
SV2601851,Công nghệ thông tin,Nữ,18-22,Không,Trực tuyến,Hải Phòng,Điện thoại,27/01/2026,62,1419,0.883,10,8.4,5,9.8,7.1,9.4,Đạt
SV2601851,Công nghệ thông tin,Nữ,18-22,Không,Trực tuyến,Hải Phòng,Điện thoại,27/01/2026,62,1419,0.883,10,8.4,6,9.8,7.1,9.4,Đạt
SV2601939,Kế toán,Nữ,18-22,Không,Trực tuyến,Cần Thơ,Điện thoại,2026-01-20,34,1349,0.8,10,7.2,3,11.4,,6.8,Đạt
SV2601939,Kế toán,Nữ,18-22,Không,Trực tuyến,Cần Thơ,Điện thoại,2026-01-20,34,1349,0.8,10,7.2,2,11.4,,6.8,Đạt
SV2602265,Kế toán,Nam,23-30,Có,Kết hợp,Bình Dương,Điện thoại,07-02-2026,44,1144,1.0,9,7.3,4,7.2,7.9,6.3,Đạt
SV2602265,Kế toán,Nam,23-30,Có,Kết hợp,Bình Dương,Điện thoại,07-02-2026,44,1144,1.0,9,7.3,5,7.2,7.9,6.3,Đạt
SV2602347,Du lịch,khác,23-30,CO,Trực tuyến,Hà Nội,Điện thoại,2026-02-10,10,374,0.228,1,4.3,0,5.7,0.8,0.9,Không đạt
SV2602347,Du lịch,khác,23-30,CO,Trực tuyến,Hà Nội,Điện thoại,2026-02-10,10,374,0.228,1,4.3,1,5.7,0.8,0.9,Không đạt
SV2602408,Ngôn ngữ Anh,Nam,31-40,Có,Trực tuyến,Quảng Ninh,Máy tính,2026-01-28,29,923,,6,7.8,2,0.4,4.1,4.5,Đạt
SV2602408,Ngôn ngữ Anh,Nam,31-40,Có,Trực tuyến,Quảng Ninh,Máy tính,2026-01-28,29,923,,6,7.8,3,0.4,4.1,4.5,Đạt
SV2602838,Công nghệ thông tin,Nam,18-22,Không,Kết hợp,Thanh Hóa,Điện thoại,09/02/2026,54,620,0.675,8,5.1,6,4.0,7.7,5.5,Đạt
SV2602838,Công nghệ thông tin,Nam,18-22,Không,Kết hợp,Thanh Hóa,Điện thoại,09/02/2026,54,620,0.675,8,5.1,5,4.0,7.7,5.5,Đạt
