,do_quan_trong_hoan_vi
ty_le_hoan_thanh_video,0.1273737977904289
diem_giua_ky,0.11891889423071919
diem_tb_bai_tap,0.07325352890986973
hinh_thuc_hoc,0.03873777689825232
tong_thoi_luong_phut,0.036700751488516495
vua_lam_vua_hoc,0.03289984631864508
so_lan_dang_nhap,0.031177017780061135
nop_tre_tb_gio,0.02533782880466241
so_bai_tap_nop,0.01946046508592044
thiet_bi_chinh,0.016262465711971475
gioi_tinh,0.00932690444854678
so_lan_dien_dan,0.003814832121294831
nhom_tuoi,0.002023569196244757
nganh,-0.00274065683931215
